B00014FBTU,Solgar Amino 75 Essential Acid Vegetable Capsules - Pack of 90 - 8 Aminos Complex - For Metabolic Processes - Easy to Digest - Vegan,£24.49
B000CC4F3E,Universal Nutrition Creatine Chews Grape Capsules Pack of 144,£24.99
B000SOXALE,"Optimum Nutrition BCAA 1000 Branch Chain Amino Acids with L-Leucine, L-Isoleucine and L-Valine. BCAA supplement by ON - Unflavoured, 200 Servings, 400 Capsules",£30.95
B000T95QS8,"CNP Professional, Pro, Creatine Range 500g / 250g Creatine Monohydrate Powder, E2 Ethyl Ester 240 Capsules (500g Powder)",£29.99
B000ZIXW4I,no data,no data
B0013G8DC2,"USN Micronized Creatine Monohydrate Powder 500g: Improve Your Performance With Unflavoured Creatine Powder, Energy Boosting Pre train and Post Workout Recovery Powder",£28.00
B002DYIZEE,"Optimum Nutrition Micronised Creatine Powder, Unflavoured Monohydrate Powder for Muscle Growth, 88 Servings, 317 g",£24.88
B002DYIZGC,"Optimum Nutrition Creatine 2500 mg Capsules, Unflavoured Creatine Monohydrate Tablets for Muscle Growth, 100 Servings, 200 Capsules",£56.99
B002QWE04W,HealthAid Creatine Monohydrate 1000mg - 60 Tablets,£10.62
B003BNKOF4,Reflex Nutrition Creapure Creatine Capsules Supplement (90 Caps),£7.99
B003U7ND8G,Olimp Creatine 1250 Mega Capsules - Pack of 400 Capsules,£45.82
B003U7QW6G,"Olimp Labs Creatine 1250 Mega Capsules, 120 Capsules",£22.49
B003VUO8E0,"Olimp Labs TCM Capsules, 1100 mg, Pack of 120 Mega Capsules",£17.89
B0044OYZEA,"Olimp Labs TCM Capsules, 1100 mg, Pack of 400 Mega Capsules",£45.82
B004EPYBR0,Creatine 250 caps.,£17.64
B0053FTNQY,"IronMaxx Krea7 Superalkaline Creatine Tablets, 1 x 1 Pack of 180 Capsules",£59.50
B0056IM1N0,OLIMP SPORT NUTRITION Creatine Creapure Monohydrate 500 g - (Packaging may vary),£50.09
B008ZZY4R2,"Scitec Nutrition 100% Creatine Monohydrate, 300g",£25.99
B00CHJ3D9W,MyProtein Creatine Monohydrate - 1KG,£42.99
B00CHJ3DW4,MyProtein Creatine Monohydrate - 500g,£29.90
B00D1YKZGQ,"MY PROTEIN Creapure Creatine Monohydrate Creatine, 500 g",£29.90
B00DIBH9RA,Nutracell Labs Decabolic Creatine : Powerful 10 Blend (45 Servings - 5000mg Per Serving) Muscle Growth & Strength Without Steroids / HGH (225g / 8oz),£19.99
B00DRF108G,"BioTechUSA 100% Creatine Monohydrate Pharmaceutical Grade creatine monohydrate Powder, Unflavoured, 300 g",£27.99
B00GGG2G6I,"Creatine Monohydrate Powder, Suitable for Vegans, Unflavoured, Scoop Included - WOD Powders - 300g",£12.95
B00HF60S86,"Bulk Glycine Powder, 500 g, Packaging May Vary",£14.99
B00HN8LE7A,MyProtein Creatine Monohydrate - 250 g,£17.40
B00IEAO5WC,Bodybuilding Warehouse Pure Creatine Ethyl Ester HCL Unflavoured 100 g,£4.99
B00IZD28QS,"Bulk Creatine Monohydrate Powder, Pure Unflavoured, 1 kg, Packaging May Vary",£42.99
B00JRXJN18,"Olimp Labs Creatine Monohydrate Powder, 250 g",£22.49
B00L6Z4LYE,Protein Works - Creatine Extreme Powder | Creatine Formula | Premium Grade Supplement For Lean Muscle Growth | With Beta Analine | Orange Burst | 400g,£27.29
B00L8392QQ,"Creatine Monohydrate Powder 250g - Pure, Micronised, Pre Workout, Unflavoured, Vegetarian and Vegan",£13.49
B00L83UXM8,"Creatine Monohydrate Powder 500g Pure, Micronised, Pre Workout, Unflavoured, Vegetarian and Vegan",£25.99
B00LKE1Q44,MyProtein Creatine Monohydrate - 250 Tablets,£19.50
B00MQWY71S,"BioTechUSA Hmb 3000, 200 g",£20.29
B00MXYY5D4,"Creatine Capsules - 4,200mg per Serving x 40 Servings - Creatine Monohydrate Enhanced with ALA - Creatine Tablets Suitable for Men and Women (240 Capsules)",£33.99
B00NU6T14C,Creatine Monohydrate Powder 1Kg | Pure Micronised,£42.99
B00SP2ZKW8,"Bulk Creatine Monohydrate Powder, Pure Unflavoured, 500 g, Packaging May Vary",£19.94
B00T7L20EC,"Optimum Nutrition Micronised Creatine Powder, Creatine Monohydrate Powder for Performance, Unflavoured, 186 Servings, 634 g, Packaging May Vary",£35.99
B00UB2M9W4,"ADAPT NUTRITION Createc 1500 Capsules, Pack of 120",£14.77
B00UXKL9J8,Creatine Monohydrate Micronized Powder 1kg & Shaker,£45.99
B00WGA3PWW,"MY PROTEIN Creatine Monohydrate Creatine, 250 g, Blue Raspberry",£18.99
B00WGOE1EY,"BSN DNA Creatine Monohydrate Powder, Sports Nutrition, Unflavoured, 216 g, 63 Servings",£15.00
B00WHK98SQ,Grenade Essentials Creatine 500g (100 servings),£20.95
B00YCS7UT0,Creatine Monohydrate Pills 1000mg - 180 Tablets,£18.99
B00YCS7UU4,Creatine Monohydrate Pills 1000mg - 60 Tablets,£6.75
B00ZCCTIY0,"Bodybuilding Warehouse, Pure CreaPure Creatine Monohydrate Powder 250g - Helps Performance & Muscle Growth",£15.99
B0129J5X7O,"Applied Nutrition Creatine 3000 - Creatine Monohydrate Capsules 3000mg Per Serving, High Strength Supplement, Increases Physical Performance (120 Capsules - 30 Servings)",£14.77
B013GYBVE0,Time 4 Creatine Powder 600g 120 Servings - 100% Pure Premium Grade Micronised Creatine Monohydrate Powder – Unflavoured Pure Creatine Monohydrate – Registered By The Vegan Society Creatine Supplement,£32.99
B013IFROS4,Creatine Monohydrate Pills 1000mg - 120 Tablets,£12.99
B013IFZZPI,Creatine Monohydrate Tablets 1000mg | Packaging May Vary (180 Pack x 2),£32.99
B013IG34BO,Creatine Monohydrate Tablets 1000mg | Packaging May Vary (180 Pack x4),£59.99
B014I56ETS,Creatine Chewable – 3000mg Creatine Monohydrate per Serving – 1+ Months Supply – 180 x Berry Flavour chewable Tablets,£24.99
B01828D8HI,Body & Fit Creapure® Creatine Natural (Unflavoured) 500 Grams (125 doses),£28.99
B0196UIP4C,"Time 4 Creatine Blend - Creatine Nutritional Supplements High Strength Vegan-Friendly Gluten-Free, For All Types Of Athletes - Men & Women, Improve Muscle Strength, 240 x Capsules - 30 Days Supply",£24.99
B01C94EMEY,"Xendurance Creapure Creatine Micronised Vegan Powder Performance Creatine Monohydrate with Lactate, Lemon Citrus, 30 servings",£26.99
B01DSZHX3U,"Bulk Creatine Monohydrate Powder, Mixed Berry, 500 g, Packaging May Vary",£15.00
B01E5KJY1Q,"BSN Nitrix 2.0, Food Supplement with Creatine Monohydrate, L-Citrulline, Niacin, Black Pepper and Herbal Extracts, Sport Nutrition for Power and Performance, Unflavoured, 180 Tablets, 60 Servings",£13.99
B01F94TFZW,"Warrior Supplements Essentials Creatine Powder, 300 g",£15.99
B01JH08U32,"LA Muscle Explosive Creatine | 3 Times Stronger Than Regular Creatine | with Taurine, Protein and CEE for Faster Gains and NO Water Retention | Limited Edition Cherry Flavour",£59.99
B01MRFXRZT,"Creatine Monohydrate Tablets by Opal Fitness – Easy to Swallow Vegan Tablets - Scientifically Proven to Increase Muscle Strength, High Intensity Explosive Energy, and Build Lean Muscle Mass",£20.00
B01N10P0UG,"Olimp Labs Creatine Xplode Powder, Orange Flavour, 500 g Creatine Xplode Powder 500 g - Orange",£33.99
B06XFS3SBF,OstroVit Creatine Lemon 300 g,£12.64
B072QTSMMD,Creatine Monohydrate 1000mg 30 Tablets Pills Nutrition Health Food Supplements Britain Quality in Bottlles HEALTHY MOOD UK,£4.39
B0731MG1T3,Creatine Monohydrate 1000mg 30 Tablets Pills Nutrition Health Food Supplements HEALTHY MOOD UK Quality Nutrients,£2.89
B073D75R5V,"Optimum Nutrition Micronised Creatine Powder, 317 g",£24.88
B073FH2FJX,Protein Works - Creatine Monohydrate Powder | 100% Pure & Fine | Premium Grade Supplement For Lean Muscle Growth | Vegan | Orange Burst | 250 g,£19.99
B074PR7Q57,no data,no data
B075NK75ZR,Trec Nutrition Caffeine 200 Plus Water-Free Caffeine Increases Performance and Endurance Muscle Building Sports Bodybuilding - 60 Capsules,£17.01
B077QQM85N,"Scitec Nutrition 100% Creatine Monohydrate, 300g",£25.99
B078RMZBLY,"XTRAZE® Creatine Monohydrate Powder, 500 g Vegan, Unflavoured & Pure Creatine-Powder for Pre Workout, Fitness, Bodybuilding, Weight & Muscle Training, Natural Supplement Without Additives",£33.99
B079YD4VM8,Chewable Creatine Tablets (Berry Flavour) - 3000mg Chewable Creatine Monohydrate Tablets - Creatine Chews - 180 Tablets,£24.99
B07BFNMJ98,"Boditronics Bodipure 250g Creatine Monohydrate Powder for 100% purest Unflavoured Micronised Creatine with Amino Acid Increased Muscle Strength, Muscle Power & Muscle Recovery",£18.99
B07BNLJMW4,Creatine Monohydrate Powder | Pure | Micronised (100 Grams),£7.25
B07C42K821,Creatine Monohydrate Pills 1000mg - 120 Tablets,£12.99
B07C8N2R82,"MusclePharm Creatine, Unflavoured, 300 g, 0851387008369",£10.92
B07CHSN2TP,"Trec Nutrition Boogieman Powerful Pre-Workout Booster, Bubble Gum",£22.99
B07CL5GX1H,"Creatine Monohydrate Powder Micronised | 1kg Equivalent to 200 Servings or 7 Month Supply | Finest Grade, Pure and Unflavoured Sports Vegetarian and Vegan Powder | Made in The UK by Nu U Nutrition",£46.97
B07CTTYN2G,Creatine Ethyl Ester Tablets - 3000mg CEE Creatine Tablets - Vegan & Vegetarian Suitable (240 Tablets),£34.99
B07CV1387B,"Applied Nutrition Creatine - Creatine Monohydrate Micronized Powder, Increases High-Intensity Physical Performance (250g - 50 Servings)",£17.90
B07KYW5RCL,PBN - Premium Body Nutrition Creatine Monohydrate 500g Pouch,£21.07
B07L2RV211,C4 Original Beta Alanine Sports Nutrition Bulk Pre Workout Powder for Men & Women | Best Pre-Workout Energy Drink Supplements | Creatine Monohydrate | Strawberry Margarita | 60 Servings,£28.95
B07L31Q9XM,C4 Original Beta Alanine Sports Nutrition Bulk Pre Workout Powder for Men & Women | Best Pre-Workout Energy Drink Supplements | Creatine Monohydrate | Fruit Punch | 60 Servings,£39.99
B07L321VV2,C4 Original Beta Alanine Sports Nutrition Bulk Pre Workout Powder for Men & Women | Best Pre-Workout Energy Drink Supplements | Creatine Monohydrate | Orange Burst | 60 Servings,£22.99
B07L323676,C4 Original Beta Alanine Sports Nutrition Bulk Pre Workout Powder for Men & Women | Best Pre-Workout Energy Drink Supplements | Creatine Monohydrate | Fruit Punch | 30 Servings,£25.98
B07L323CQF,C4 Original Beta Alanine Sports Nutrition Bulk Pre Workout Powder for Men & Women | Best Pre-Workout Energy Drink Supplements | Creatine Monohydrate | ICY Blue Razz | 60 Servings,£25.58
B07L3289DB,C4 Original Beta Alanine Sports Nutrition Bulk Pre Workout Powder for Men & Women | Best Pre-Workout Energy Drink Supplements | Creatine Monohydrate | Watermelon | 30 Servings,£25.99
B07L328D42,C4 Original Beta Alanine Sports Nutrition Bulk Pre Workout Powder for Men & Women | Best Pre-Workout Energy Drink Supplements | Creatine Monohydrate | Watermelon | 60 Servings,£28.95
B07L32BKR9,C4 Original Beta Alanine Sports Nutrition Bulk Pre Workout Powder for Men & Women | Best Pre-Workout Energy Drink Supplements | Creatine Monohydrate | Pink Lemonade | 60 Servings,£25.99
B07L32SHF1,C4 Original Beta Alanine Sports Nutrition Bulk Pre Workout Powder for Men & Women | Best Pre-Workout Energy Drink Supplements | Creatine Monohydrate | ICY Blue Razz | 30 Servings,£25.58
B07L3319PW,C4 Original Beta Alanine Sports Nutrition Bulk Pre Workout Powder for Men & Women | Best Pre-Workout Energy Drink Supplements | Creatine Monohydrate | Cherry Limeade | 60 Servings,£28.95
B07L33DLF6,C4 Original Beta Alanine Sports Nutrition Bulk Pre Workout Powder for Men & Women | Best Pre-Workout Energy Drink Supplements | Creatine Monohydrate | Cherry Limeade | 30 Servings,£25.39
B07L33PRHV,C4 Original Beta Alanine Sports Nutrition Bulk Pre Workout Powder for Men & Women | Best Pre-Workout Energy Drink Supplements | Creatine Monohydrate | Pink Lemonade | 30 Servings,£25.99
B07L341W56,C4 Original Beta Alanine Sports Nutrition Bulk Pre Workout Powder for Men & Women | Best Pre-Workout Energy Drink Supplements | Creatine Monohydrate | Orange Burst | 30 Servings,£25.93
B07L346NB5,C4 Original Beta Alanine Sports Nutrition Bulk Pre Workout Powder for Men & Women | Best Pre-Workout Energy Drink Supplements | Creatine Monohydrate | Strawberry Margarita | 30 Servings,£25.99
B07L34DMXM,C4 Original Beta Alanine Sports Nutrition Bulk Pre Workout Powder for Men & Women | Best Pre-Workout Energy Drink Supplements | Creatine Monohydrate | Green Apple | 60 Servings,£39.99
B07L34GJCG,C4 Original Beta Alanine Sports Nutrition Bulk Pre Workout Powder for Men & Women | Best Pre-Workout Energy Drink Supplements | Creatine Monohydrate | Green Apple | 30 Servings,£25.95
B07L416LTP,"Creatine Monohydrate Powder | Pure | Micronised | Vegan (2Kg, 1Kg x2)",£79.99
B07LH1Y29T,Creatine Monohydrate Powder 252g - Premium Grade Creatine Monohydrate - UK Made - Unflavoured Creatine Powder Scoop Included,£18.99
B07N2SKHS7,C4 Ripped Pre Workout Powder Cherry Limeade | Preworkout Energy Drink Supplement | 150mg Caffeine + Beta Alanine + Green Coffee Bean Extract for Men and Women | 30 Servings,£22.99
B07N2T9W5T,C4 Ripped Pre Workout Powder ICY Blue Raspberry | Preworkout Energy Drink Supplement | 150mg Caffeine + Beta Alanine + Green Coffee Bean Extract for Men and Women | 30 Servings,£29.99
B07N2VFTSS,C4 Ripped Pre Workout Powder Tropical Punch | Preworkout Energy Drink Supplement | 150mg Caffeine + Beta Alanine + Green Coffee Bean Extract for Men and Women | 30 Servings,£29.99
B07PL26YK8,"MY PROTEIN Creatine Monohydrate Creatine, 250 g, Blue Raspberry",£18.99
B07QMTQ652,Creatine Monohydrate 1000mg 1000 Tablets - Choose Your Packet Size - LetterBox Friendly UK Fast Delivery -,£86.79
B07QNS4RM8,Creatine Monohydrate 1000mg 60 Tablets - Choose Your Packet Size - LetterBox Friendly UK Fast Delivery -,£6.05
B07QPW4WRJ,Creatine Monohydrate 1000mg 120 Tablets - Choose Your Packet Size - LetterBox Friendly UK Fast Delivery -,£11.99
B07QR18BPT,Creatine Monohydrate 1000mg 180 Tablets - Choose Your Packet Size - LetterBox Friendly UK Fast Delivery -,£16.39
B07QS5JKVM,Creatine Monohydrate 1000mg 90 Tablets - Choose Your Packet Size - LetterBox Friendly UK Fast Delivery -,£8.69
B07QSSJB4Q,Creatine Monohydrate 1000mg 1000 Tablets - Choose Your Packet Size - LetterBox Friendly UK Fast Delivery -,£86.79
B07QSXHGDQ,Creatine Monohydrate 1000mg 30 Tablets - Choose Your Packet Size - LetterBox Friendly UK Fast Delivery -,£3.19
B07QT1BNVQ,Creatine Monohydrate 1000mg 500 Tablets - Choose Your Packet Size - LetterBox Friendly UK Fast Delivery -,£43.89
B07QTN9VF1,Creatine Monohydrate 1000mg 250 Tablets - Choose Your Packet Size - LetterBox Friendly UK Fast Delivery -,£22.99
B07RTWRJY8,"BioTechUSA Tri Creatine Malate, 1 kg, P34904",£22.67
B07V3KWH55,"Optimum Nutrition Micronised Creatine Monohydrate formulated for Muscle Development By On Unflavoured, 88 Servings, 317 g",£25.44
B07VQTWY41,no data,no data
B07VRQSV4Q,no data,no data
B07X9SH4S4,no data,no data
B07YZJB7JQ,AMIX CREA-TRIX (824GRS) - LEMON,£35.99
B07Z86H5QY,no data,no data
B0814T298Y,no data,no data
B0814TMQYL,no data,no data
B08231W1D3,no data,no data
B0823243TL,"USN Micronized Creatine Monohydrate Powder 200g: Improve Your Performance With Unflavoured Creatine Powder, Energy Boosting Pre train and Post Workout Recovery Powder",£15.00
B082DHPPG7,no data,no data
B084G8XCNM,no data,no data
B084JFS7J6,no data,no data
B0864F9N3X,no data,no data
B087MQFVSR,no data,no data
B088V194CY,no data,no data
B0892MDQTH,no data,no data
B0892MK4LD,no data,no data
B0892N5LR5,"Applied Nutrition Bundle ABE Pre Workout 315g + Creatine 250g + 700ml Protein Shaker | All Black Everything Pre Workout Powder, Energy & Performance with Creatine, Beta Alanine (Strawberry Mojito)",£39.99
B0892NGFXV,no data,no data
B0892NJGJG,no data,no data
B0892NJPLX,"Applied Nutrition Bundle ABE Pre Workout 315g + Creatine 250g + 700ml Protein Shaker | All Black Everything Pre Workout Powder, Energy & Performance with Creatine, Beta Alanine (Bubblegum Crush)",£39.99
B0892NQ7Z7,no data,no data
B0892NW7LG,no data,no data
B0892P3KTP,no data,no data
B0892P6QWV,no data,no data
B0892Q8TH8,no data,no data
B08CL9GDLT,no data,no data
B08G8W8G54,no data,no data
B08KQH24WX,no data,no data
B08L8B2PXM,no data,no data
B08M1JGH6L,no data,no data
B08PDTJ6X6,no data,no data
B08PDZ8G58,no data,no data
B08PDZ8G5R,no data,no data
B08SNJ6RBG,no data,no data
B08SNLMD5S,no data,no data
B08TB776HY,no data,no data
B08ZKLQ6GY,no data,no data
B0924PFYN9,no data,no data
B092DM6RJ5,no data,no data
B092DR7Z33,no data,no data
B095J1747Q,no data,no data
B096FMYD4J,no data,no data
B097F56TB6,no data,no data
B097RSZPXD,no data,no data
B097RWZQ7X,no data,no data
B097RXMLBZ,no data,no data
B098P6LHXV,no data,no data
B09DTB9P79,no data,no data
B09F3RYV9Z,no data,no data
B09F3SBZKC,no data,no data
B09FHTCFVR,no data,no data
B09FQ5JHHY,no data,no data
B09GL1YMC3,no data,no data
B09JL91ZTJ,no data,no data
B09K7ZYQYN,no data,no data
B09KCMJX6Y,no data,no data
B09KCQDFZV,no data,no data
B09LRJ526X,no data,no data
B09MZ97BKC,no data,no data
B09RVYYJCJ,no data,no data
B09SFDVVYC,no data,no data
B09SQBR5PR,no data,no data
B09SQBY9LX,no data,no data
B09SQC5WZY,no data,no data
B09SQCN29C,no data,no data
B09SQD142T,no data,no data
B09SQDLS82,no data,no data
B09TTVP6CH,no data,no data
B09VH7Y8PJ,no data,no data
B09W8L581G,no data,no data
B09XXRD9VK,no data,no data
B09XXSMF87,no data,no data
B09YYVGBP2,no data,no data
B09YYVSB6V,no data,no data
B0B4X187TS,no data,no data
B0B5X8YWWS,no data,no data
B0B86CQXSG,no data,no data
B0B8DTHH1S,no data,no data
B0B8DVCYFW,no data,no data
B0B8DVG46Z,no data,no data
B0B8DVNWT8,no data,no data
B0B8DX91KM,no data,no data
B0B8DXSWWS,no data,no data
B0B8DZCBML,no data,no data
B0BBGZN1M2,no data,no data
B0BBH2Q5WB,no data,no data
B0BBH5LW87,no data,no data
B0BCHJ8N9P,no data,no data
B0BDGBZWGL,no data,no data
B0BDGCWGM3,no data,no data
B0BDGD1XLZ,no data,no data
B0BDGD3CSR,no data,no data
B0BDGDQF5G,no data,no data
B0BDGF58PF,no data,no data
B0BDGFM8MX,no data,no data
B0BDGFPM83,no data,no data
B0BDGGXRKW,no data,no data
B0BDGH47PN,no data,no data
B0BDGHXKH4,no data,no data
B0BDGJ7R2D,no data,no data
B0BG4HPW6J,no data,no data
B0BGY4QSBW,no data,no data
B0BHR8QJYV,no data,no data
B0BKVGYCR5,no data,no data
B0BL3SW14K,no data,no data
B0BLCG23H8,no data,no data
B0BLCW3W3V,no data,no data
B0BN4KBTBK,no data,no data
B0BN4LL7ZK,no data,no data
B0BN4LYFVL,no data,no data
B0BNJN3RTJ,no data,no data
B0BNNN5DW6,no data,no data
B0BNQXF6QY,no data,no data
B0BNQY2W3C,no data,no data
B0BNRS5Q8L,no data,no data
B0BP2V36N2,no data,no data
B0E7PDCYW7K6,no data,no data
